Position,Object,Model,,Selected_object,Confidence_rating
Straight_On,Coffee_mug,incep,first_prediction,coffee_mug,90
Straight_On,Coffee_mug,NAS,first_prediction,coffee_mug,80
Straight_On,Coffee_mug,vgg,first_prediction,coffee_mug,55
Straight_On,Coffee_mug,incep,second_prediction,cup,7
Straight_On,Coffee_mug,NAS,second_prediction,cup,5
Straight_On,Coffee_mug,vgg,second_prediction,cup,40
Straight_On,Coffee_mug,incep,third_prediction,pitcher,1
Straight_On,Coffee_mug,NAS,third_prediction,espresso,0
Straight_On,Coffee_mug,vgg,third_prediction,pitcher,2
Straight_On,Hammer,incep,first_prediction,hammer,99
Straight_On,Hammer,NAS,first_prediction,hammer,97
Straight_On,Hammer,vgg,first_prediction,hammer,96
Straight_On,Hammer,incep,second_prediction,crutch,0
Straight_On,Hammer,NAS,second_prediction,piggy_bank,0
Straight_On,Hammer,vgg,second_prediction,nail,2
Straight_On,Hammer,incep,third_prediction,nail,0
Straight_On,Hammer,NAS,third_prediction,nail,0
Straight_On,Hammer,vgg,third_prediction,hatchet,1
Straight_On,Notebook,incep,first_prediction,notebook,25
Straight_On,Notebook,NAS,first_prediction,notebook,25
Straight_On,Notebook,vgg,first_prediction,notebook,46
Straight_On,Notebook,incep,second_prediction,mouse,24
Straight_On,Notebook,NAS,second_prediction,desktop_computer,18
Straight_On,Notebook,vgg,second_prediction,laptop,18
Straight_On,Notebook,incep,third_prediction,computer_keyboard,1
Straight_On,Notebook,NAS,third_prediction,mouse,14
Straight_On,Notebook,vgg,third_prediction,mouse,4
Straight_On,Soap_dispenser,incep,first_prediction,lotion,68
Straight_On,Soap_dispenser,NAS,first_prediction,soap_dispenser,46
Straight_On,Soap_dispenser,vgg,first_prediction,soap_dispenser,98
Straight_On,Soap_dispenser,incep,second_prediction,soap_dispenser,21
Straight_On,Soap_dispenser,NAS,second_prediction,lotion,37
Straight_On,Soap_dispenser,vgg,second_prediction,water_bottle,0
Straight_On,Soap_dispenser,incep,third_prediction,hair_spray,2
Straight_On,Soap_dispenser,NAS,third_prediction,sunscreen,1
Straight_On,Soap_dispenser,vgg,third_prediction,lotion,0
Straight_On,Sunglasses,incep,first_prediction,sunglasses,39
Straight_On,Sunglasses,NAS,first_prediction,sunglasses,73
Straight_On,Sunglasses,vgg,first_prediction,puck,80
Straight_On,Sunglasses,incep,second_prediction,sunglass,35
Straight_On,Sunglasses,NAS,second_prediction,sunglass,25
Straight_On,Sunglasses,vgg,second_prediction,balloon,7
Straight_On,Sunglasses,incep,third_prediction,sandbar,3
Straight_On,Sunglasses,NAS,third_prediction,sandbar,0
Straight_On,Sunglasses,vgg,third_prediction,soccer_ball,2
Straight_On,Umbrella,incep,first_prediction,umbrella,100
Straight_On,Umbrella,NAS,first_prediction,umbrella,89
Straight_On,Umbrella,vgg,first_prediction,umbrella,87
Straight_On,Umbrella,incep,second_prediction,mountain_tent,0
Straight_On,Umbrella,NAS,second_prediction,kimono,0
Straight_On,Umbrella,vgg,second_prediction,mortarboard,4
Straight_On,Umbrella,incep,third_prediction,lampshade,0
Straight_On,Umbrella,NAS,third_prediction,table_lamp,0
Straight_On,Umbrella,vgg,third_prediction,table_lamp,2
Straight_On,Wine_bottle,incep,first_prediction,wine_bottle,80
Straight_On,Wine_bottle,NAS,first_prediction,wine_bottle,72
Straight_On,Wine_bottle,vgg,first_prediction,beer_bottle,43
Straight_On,Wine_bottle,incep,second_prediction,beer_bottle,13
Straight_On,Wine_bottle,NAS,second_prediction,beer_bottle,10
Straight_On,Wine_bottle,vgg,second_prediction,wine_bottle,35
Straight_On,Wine_bottle,incep,third_prediction,red_wine,1
Straight_On,Wine_bottle,NAS,third_prediction,red_wine,5
Straight_On,Wine_bottle,vgg,third_prediction,red_wine,7
Back,Coffee_mug,incep,first_prediction,coffee_mug,73
Back,Coffee_mug,NAS,first_prediction,coffee_mug,83
Back,Coffee_mug,vgg,first_prediction,cup,54
Back,Coffee_mug,incep,second_prediction,cup,19
Back,Coffee_mug,NAS,second_prediction,cup,3
Back,Coffee_mug,vgg,second_prediction,coffee_mug,45
Back,Coffee_mug,incep,third_prediction,pitcher,0
Back,Coffee_mug,NAS,third_prediction,espresso,0
Back,Coffee_mug,vgg,third_prediction,pitcher,0
Back,Hammer,incep,first_prediction,hammer,99
Back,Hammer,NAS,first_prediction,hammer,95
Back,Hammer,vgg,first_prediction,hammer,89
Back,Hammer,incep,second_prediction,crutch,0
Back,Hammer,NAS,second_prediction,nail,0
Back,Hammer,vgg,second_prediction,nail,8
Back,Hammer,incep,third_prediction,screwdriver,0
Back,Hammer,NAS,third_prediction,piggy_bank,0
Back,Hammer,vgg,third_prediction,hatchet,1
Back,Notebook,incep,first_prediction,notebook,57
Back,Notebook,NAS,first_prediction,notebook,89
Back,Notebook,vgg,first_prediction,notebook,15
Back,Notebook,incep,second_prediction,iPod,9
Back,Notebook,NAS,second_prediction,laptop,2
Back,Notebook,vgg,second_prediction,iPod,15
Back,Notebook,incep,third_prediction,laptop,2
Back,Notebook,NAS,third_prediction,modem,1
Back,Notebook,vgg,third_prediction,loudspeaker,9
Back,Pot,incep,first_prediction,Dutch_oven,21
Back,Pot,NAS,first_prediction,Crock_Pot,82
Back,Pot,vgg,first_prediction,ashcan,34
Back,Pot,incep,second_prediction,pitcher,13
Back,Pot,NAS,second_prediction,Dutch_oven,4
Back,Pot,vgg,second_prediction,bucket,29
Back,Pot,incep,third_prediction,measuring_cup,11
Back,Pot,NAS,third_prediction,caldron,2
Back,Pot,vgg,third_prediction,coffeepot,3
Back,Soap_dispenser,incep,first_prediction,lotion,66
Back,Soap_dispenser,NAS,first_prediction,lotion,58
Back,Soap_dispenser,vgg,first_prediction,soap_dispenser,90
Back,Soap_dispenser,incep,second_prediction,soap_dispenser,20
Back,Soap_dispenser,NAS,second_prediction,soap_dispenser,25
Back,Soap_dispenser,vgg,second_prediction,lotion,0
Back,Soap_dispenser,incep,third_prediction,sunscreen,2
Back,Soap_dispenser,NAS,third_prediction,sunscreen,1
Back,Soap_dispenser,vgg,third_prediction,water_bottle,0
Back,Sunglasses,incep,first_prediction,sunglasses,81
Back,Sunglasses,NAS,first_prediction,sunglasses,51
Back,Sunglasses,vgg,first_prediction,puck,86
Back,Sunglasses,incep,second_prediction,sunglass,19
Back,Sunglasses,NAS,second_prediction,sunglass,46
Back,Sunglasses,vgg,second_prediction,basketball,1
Back,Sunglasses,incep,third_prediction,sandbar,0
Back,Sunglasses,NAS,third_prediction,sandbar,0
Back,Sunglasses,vgg,third_prediction,tick,1
Back,Umbrella,incep,first_prediction,umbrella,100
Back,Umbrella,NAS,first_prediction,umbrella,90
Back,Umbrella,vgg,first_prediction,umbrella,79
Back,Umbrella,incep,second_prediction,mountain_tent,0
Back,Umbrella,NAS,second_prediction,kimono,0
Back,Umbrella,vgg,second_prediction,mortarboard,2
Back,Umbrella,incep,third_prediction,parachute,0
Back,Umbrella,NAS,third_prediction,tripod,0
Back,Umbrella,vgg,third_prediction,table_lamp,1
Back,Wine_bottle,incep,first_prediction,wine_bottle,91
Back,Wine_bottle,NAS,first_prediction,wine_bottle,84
Back,Wine_bottle,vgg,first_prediction,beer_bottle,55
Back,Wine_bottle,incep,second_prediction,beer_bottle,5
Back,Wine_bottle,NAS,second_prediction,red_wine,3
Back,Wine_bottle,vgg,second_prediction,wine_bottle,36
Back,Wine_bottle,incep,third_prediction,red_wine,2
Back,Wine_bottle,NAS,third_prediction,beer_botte,3
Back,Wine_bottle,vgg,third_prediction,pop_bottle,5
From_left,Coffee_mug,incep,first_prediction,coffee_mug,58
From_left,Coffee_mug,NAS,first_prediction,coffee_mug,78
From_left,Coffee_mug,vgg,first_prediction,coffee_mug,62
From_left,Coffee_mug,incep,second_prediction,cup,29
From_left,Coffee_mug,NAS,second_prediction,cup,6
From_left,Coffee_mug,vgg,second_prediction,cup,35
From_left,Coffee_mug,incep,third_prediction,bucket,1
From_left,Coffee_mug,NAS,third_prediction,espresso,0
From_left,Coffee_mug,vgg,third_prediction,thimble,1
From_left,Hammer,incep,first_prediction,parking_meter,16
From_left,Hammer,NAS,first_prediction,hammer,93
From_left,Hammer,vgg,first_prediction,nail,24
From_left,Hammer,incep,second_prediction,screwdriver,9
From_left,Hammer,NAS,second_prediction,hatchet,0
From_left,Hammer,vgg,second_prediction,crutch,14
From_left,Hammer,incep,third_prediction,vacuum,4
From_left,Hammer,NAS,third_prediction,parking_meter,0
From_left,Hammer,vgg,third_prediction,pole,10
From_left,Notebook,incep,first_prediction,notebook,55
From_left,Notebook,NAS,first_prediction,notebook,54
From_left,Notebook,vgg,first_prediction,letter_opener,17
From_left,Notebook,incep,second_prediction,laptop,31
From_left,Notebook,NAS,second_prediction,laptop,34
From_left,Notebook,vgg,second_prediction,fountain_pen,16
From_left,Notebook,incep,third_prediction,modem,0
From_left,Notebook,NAS,third_prediction,modem,1
From_left,Notebook,vgg,third_prediction,ladle,7
From_left,Pot,incep,first_prediction,Crock_Pot,23
From_left,Pot,NAS,first_prediction,Crock_Pot,89
From_left,Pot,vgg,first_prediction,ashcan,25
From_left,Pot,incep,second_prediction,Dutch_oven,17
From_left,Pot,NAS,second_prediction,hot_pot,0
From_left,Pot,vgg,second_prediction,bucket,16
From_left,Pot,incep,third_prediction,caldron,6
From_left,Pot,NAS,third_prediction,Dutch_oven,0
From_left,Pot,vgg,third_prediction,barrel,4
From_left,Soap_dispenser,incep,first_prediction,lotion,54
From_left,Soap_dispenser,NAS,first_prediction,lotion,39
From_left,Soap_dispenser,vgg,first_prediction,soap_dispenser,88
From_left,Soap_dispenser,incep,second_prediction,hair_spray,10
From_left,Soap_dispenser,NAS,second_prediction,soap_dispenser,32
From_left,Soap_dispenser,vgg,second_prediction,water_bottle,6
From_left,Soap_dispenser,incep,third_prediction,sunscreen,6
From_left,Soap_dispenser,NAS,third_prediction,water_bottle,5
From_left,Soap_dispenser,vgg,third_prediction,lotion,1
From_left,Sunglasses,incep,first_prediction,spindle,14
From_left,Sunglasses,NAS,first_prediction,barbell,80
From_left,Sunglasses,vgg,first_prediction,mousetrap,11
From_left,Sunglasses,incep,second_prediction,hook,7
From_left,Sunglasses,NAS,second_prediction,mousetrap,4
From_left,Sunglasses,vgg,second_prediction,barbell,10
From_left,Sunglasses,incep,third_prediction,loupe,7
From_left,Sunglasses,NAS,third_prediction,spindle,1
From_left,Sunglasses,vgg,third_prediction,racer,9
From_left,Umbrella,incep,first_prediction,umbrella,100
From_left,Umbrella,NAS,first_prediction,umbrella,92
From_left,Umbrella,vgg,first_prediction,umbrella,80
From_left,Umbrella,incep,second_prediction,mountain_tent,0
From_left,Umbrella,NAS,second_prediction,table_lamp,0
From_left,Umbrella,vgg,second_prediction,mortarboard,3
From_left,Umbrella,incep,third_prediction,carton,0
From_left,Umbrella,NAS,third_prediction,kimono,0
From_left,Umbrella,vgg,third_prediction,table_lamp,3
From_left,Wine_bottle,incep,first_prediction,wine_bottle,83
From_left,Wine_bottle,NAS,first_prediction,wine_bottle,82
From_left,Wine_bottle,vgg,first_prediction,wine_bottle,66
From_left,Wine_bottle,incep,second_prediction,beer_bottle,12
From_left,Wine_bottle,NAS,second_prediction,beer_bottle,7
From_left,Wine_bottle,vgg,second_prediction,beer_bottle,28
From_left,Wine_bottle,incep,third_prediction,red_wine,1
From_left,Wine_bottle,NAS,third_prediction,red_wine,2
From_left,Wine_bottle,vgg,third_prediction,pop_bottle,2
From_right,Coffee_mug,incep,first_prediction,coffee_mug,71
From_right,Coffee_mug,NAS,first_prediction,coffee_mug,71
From_right,Coffee_mug,vgg,first_prediction,coffee_mug,45
From_right,Coffee_mug,incep,second_prediction,cup,16
From_right,Coffee_mug,NAS,second_prediction,cup,11
From_right,Coffee_mug,vgg,second_prediction,cup,32
From_right,Coffee_mug,incep,third_prediction,pitcher,2
From_right,Coffee_mug,NAS,third_prediction,espresso,2
From_right,Coffee_mug,vgg,third_prediction,thimble,6
From_right,Hammer,incep,first_prediction,pole,39
From_right,Hammer,NAS,first_prediction,hammer,92
From_right,Hammer,vgg,first_prediction,hammer,14
From_right,Hammer,incep,second_prediction,hammer,6
From_right,Hammer,NAS,second_prediction,hatchet,0
From_right,Hammer,vgg,second_prediction,pole,10
From_right,Hammer,incep,third_prediction,microphone,5
From_right,Hammer,NAS,third_prediction,shovel,0
From_right,Hammer,vgg,third_prediction,spatula,7
From_right,Notebook,incep,first_prediction,notebook,86
From_right,Notebook,NAS,first_prediction,notebook,52
From_right,Notebook,vgg,first_prediction,notebook,23
From_right,Notebook,incep,second_prediction,laptop,6
From_right,Notebook,NAS,second_prediction,laptop,31
From_right,Notebook,vgg,second_prediction,laptop,18
From_right,Notebook,incep,third_prediction,space_bar,0
From_right,Notebook,NAS,third_prediction,modem,1
From_right,Notebook,vgg,third_prediction,modem,4
From_right,Pot,incep,first_prediction,measuring_cup,20
From_right,Pot,NAS,first_prediction,Crock_Pot,81
From_right,Pot,vgg,first_prediction,ashcan,27
From_right,Pot,incep,second_prediction,Dutch_oven,10
From_right,Pot,NAS,second_prediction,Dutch_oven,6
From_right,Pot,vgg,second_prediction,bucket,22
From_right,Pot,incep,third_prediction,beaker,5
From_right,Pot,NAS,third_prediction,caldron,2
From_right,Pot,vgg,third_prediction,barrel,5
From_right,Soap_dispenser,incep,first_prediction,lotion,40
From_right,Soap_dispenser,NAS,first_prediction,lotion,80
From_right,Soap_dispenser,vgg,first_prediction,soap_dispenser,85
From_right,Soap_dispenser,incep,second_prediction,sunscreen,10
From_right,Soap_dispenser,NAS,second_prediction,soap_dispenser,5
From_right,Soap_dispenser,vgg,second_prediction,water_bottle,5
From_right,Soap_dispenser,incep,third_prediction,soap_dispenser,9
From_right,Soap_dispenser,NAS,third_prediction,sunscreen,1
From_right,Soap_dispenser,vgg,third_prediction,lotion,5
From_right,Sunglasses,incep,first_prediction,sandbar,26
From_right,Sunglasses,NAS,first_prediction,barbell,68
From_right,Sunglasses,vgg,first_prediction,nail,11
From_right,Sunglasses,incep,second_prediction,walking_stick,16
From_right,Sunglasses,NAS,second_prediction,tricycle,6
From_right,Sunglasses,vgg,second_prediction,sandbar,7
From_right,Sunglasses,incep,third_prediction,hammer,7
From_right,Sunglasses,NAS,third_prediction,sandbar,4
From_right,Sunglasses,vgg,third_prediction,hook,6
From_right,Umbrella,incep,first_prediction,umbrella,100
From_right,Umbrella,NAS,first_prediction,umbrella,91
From_right,Umbrella,vgg,first_prediction,umbrella,61
From_right,Umbrella,incep,second_prediction,mountain_tent,0
From_right,Umbrella,NAS,second_prediction,kimono,0
From_right,Umbrella,vgg,second_prediction,mortarboard,3
From_right,Umbrella,incep,third_prediction,lampshade,0
From_right,Umbrella,NAS,third_prediction,table_lamp,0
From_right,Umbrella,vgg,third_prediction,table_lamp,2
From_right,Wine_bottle,incep,first_prediction,wine_bottle,84
From_right,Wine_bottle,NAS,first_prediction,wine_bottle,84
From_right,Wine_bottle,vgg,first_prediction,beer_bottle,43
From_right,Wine_bottle,incep,second_prediction,beer_bottle,10
From_right,Wine_bottle,NAS,second_prediction,beer_bottle,3
From_right,Wine_bottle,vgg,second_prediction,wine_bottle,39
From_right,Wine_bottle,incep,third_prediction,red_wine,1
From_right,Wine_bottle,NAS,third_prediction,red_wine,2
From_right,Wine_bottle,vgg,third_prediction,pop_bottle,12
On_its_side,Coffee_mug,incep,first_prediction,pitcher,26
On_its_side,Coffee_mug,NAS,first_prediction,coffee_mug,51
On_its_side,Coffee_mug,vgg,first_prediction,toilet_tissue,16
On_its_side,Coffee_mug,incep,second_prediction,teapot,21
On_its_side,Coffee_mug,NAS,second_prediction,water_jug,9
On_its_side,Coffee_mug,vgg,second_prediction,coffee_mug,9
On_its_side,Coffee_mug,incep,third_prediction,piggy_bank,11
On_its_side,Coffee_mug,NAS,third_prediction,pitcher,7
On_its_side,Coffee_mug,vgg,third_prediction,teapot,5
On_its_side,Hammer,incep,first_prediction,hammer,96
On_its_side,Hammer,NAS,first_prediction,hammer,90
On_its_side,Hammer,vgg,first_prediction,nail,32
On_its_side,Hammer,incep,second_prediction,hatchet,1
On_its_side,Hammer,NAS,second_prediction,nail,1
On_its_side,Hammer,vgg,second_prediction,vacuum,10
On_its_side,Hammer,incep,third_prediction,reel,1
On_its_side,Hammer,NAS,third_prediction,hatchet,0
On_its_side,Hammer,vgg,third_prediction,unicycle,8
On_its_side,Notebook,incep,first_prediction,binder,35
On_its_side,Notebook,NAS,first_prediction,desktop_computer,25
On_its_side,Notebook,vgg,first_prediction,wallet,28
On_its_side,Notebook,incep,second_prediction,wallet,16
On_its_side,Notebook,NAS,second_prediction,loudspeaker,19
On_its_side,Notebook,vgg,second_prediction,loudspeaker,6
On_its_side,Notebook,incep,third_prediction,book_jacket,3
On_its_side,Notebook,NAS,third_prediction,binder,17
On_its_side,Notebook,vgg,third_prediction,lighter,6
On_its_side,Pot,incep,first_prediction,bucket,12
On_its_side,Pot,NAS,first_prediction,pencil_sharpener,30
On_its_side,Pot,vgg,first_prediction,broom,6
On_its_side,Pot,incep,second_prediction,cup,8
On_its_side,Pot,NAS,second_prediction,cup,22
On_its_side,Pot,vgg,second_prediction,pencil_sharpener,5
On_its_side,Pot,incep,third_prediction,coffee_mug,4
On_its_side,Pot,NAS,third_prediction,water_jug,12
On_its_side,Pot,vgg,third_prediction,lighter,5
On_its_side,Soap_dispenser,incep,first_prediction,syringe,30
On_its_side,Soap_dispenser,NAS,first_prediction,sunscreen,26
On_its_side,Soap_dispenser,vgg,first_prediction,water_bottle,26
On_its_side,Soap_dispenser,incep,second_prediction,lotion,11
On_its_side,Soap_dispenser,NAS,second_prediction,pill_bottle,18
On_its_side,Soap_dispenser,vgg,second_prediction,pill_bottle,16
On_its_side,Soap_dispenser,incep,third_prediction,nipple,3
On_its_side,Soap_dispenser,NAS,third_prediction,lotion,15
On_its_side,Soap_dispenser,vgg,third_prediction,oil_filter,9
On_its_side,Sunglasses,incep,first_prediction,sunglasses,8
On_its_side,Sunglasses,NAS,first_prediction,sunglasses,81
On_its_side,Sunglasses,vgg,first_prediction,puck,38
On_its_side,Sunglasses,incep,second_prediction,sunglass,8
On_its_side,Sunglasses,NAS,second_prediction,sunglass,14
On_its_side,Sunglasses,vgg,second_prediction,nail,22
On_its_side,Sunglasses,incep,third_prediction,window_screen,4
On_its_side,Sunglasses,NAS,third_prediction,lens_cap,1
On_its_side,Sunglasses,vgg,third_prediction,screw,9
On_its_side,Umbrella,incep,first_prediction,umbrella,78
On_its_side,Umbrella,NAS,first_prediction,umbrella,93
On_its_side,Umbrella,vgg,first_prediction,umbrella,57
On_its_side,Umbrella,incep,second_prediction,mountain_tent,3
On_its_side,Umbrella,NAS,second_prediction,mountain_tent,0
On_its_side,Umbrella,vgg,second_prediction,mountain_tent,19
On_its_side,Umbrella,incep,third_prediction,swab,1
On_its_side,Umbrella,NAS,third_prediction,tripod,0
On_its_side,Umbrella,vgg,third_prediction,quill,9
On_its_side,Wine_bottle,incep,first_prediction,wine_bottle,84
On_its_side,Wine_bottle,NAS,first_prediction,wine_bottle,84
On_its_side,Wine_bottle,vgg,first_prediction,beer_bottle,43
On_its_side,Wine_bottle,incep,second_prediction,beer_bottle,10
On_its_side,Wine_bottle,NAS,second_prediction,beer_bottle,3
On_its_side,Wine_bottle,vgg,second_prediction,wine_bottle,39
On_its_side,Wine_bottle,incep,third_prediction,red_wine,1
On_its_side,Wine_bottle,NAS,third_prediction,red_wine,2
On_its_side,Wine_bottle,vgg,third_prediction,pop_bottle,12
Overhead,Coffee_mug,incep,first_prediction,washbin,11
Overhead,Coffee_mug,NAS,first_prediction,soup_bowl,47
Overhead,Coffee_mug,vgg,first_prediction,bottlecap,16
Overhead,Coffee_mug,incep,second_prediction,soap_dispenser,8
Overhead,Coffee_mug,NAS,second_prediction,cup,27
Overhead,Coffee_mug,vgg,second_prediction,water_bottle,13
Overhead,Coffee_mug,incep,third_prediction,strainer,8
Overhead,Coffee_mug,NAS,third_prediction,coffee_mug,8
Overhead,Coffee_mug,vgg,third_prediction,bubble,13
Overhead,Hammer,incep,first_prediction,perfume,45
Overhead,Hammer,NAS,first_prediction,hammer,84
Overhead,Hammer,vgg,first_prediction,nail,38
Overhead,Hammer,incep,second_prediction,screw,10
Overhead,Hammer,NAS,second_prediction,nail,5
Overhead,Hammer,vgg,second_prediction,screw,14
Overhead,Hammer,incep,third_prediction,hammer,7
Overhead,Hammer,NAS,third_prediction,screwdriver,0
Overhead,Hammer,vgg,third_prediction,hammer,9
Overhead,Notebook,incep,first_prediction,scale,18
Overhead,Notebook,NAS,first_prediction,notebook,84
Overhead,Notebook,vgg,first_prediction,space_heater,12
Overhead,Notebook,incep,second_prediction,notebook,6
Overhead,Notebook,NAS,second_prediction,computer_keyboard,5
Overhead,Notebook,vgg,second_prediction,brass,8
Overhead,Notebook,incep,third_prediction,library,6
Overhead,Notebook,NAS,third_prediction,laptop,4
Overhead,Notebook,vgg,third_prediction,manhole_cover,7
Overhead,Pot,incep,first_prediction,spotlight,93
Overhead,Pot,NAS,first_prediction,spotlight,71
Overhead,Pot,vgg,first_prediction,spotlight,28
Overhead,Pot,incep,second_prediction,strainer,2
Overhead,Pot,NAS,second_prediction,tray,12
Overhead,Pot,vgg,second_prediction,magnetic_compass,5
Overhead,Pot,incep,third_prediction,ladle,1
Overhead,Pot,NAS,third_prediction,torch,4
Overhead,Pot,vgg,third_prediction,binoculars,4
Overhead,Soap_dispenser,incep,first_prediction,ping_pong_ball,83
Overhead,Soap_dispenser,NAS,first_prediction,spotlight,78
Overhead,Soap_dispenser,vgg,first_prediction,hook,30
Overhead,Soap_dispenser,incep,second_prediction,spotlight,3
Overhead,Soap_dispenser,NAS,second_prediction,dumbbell,6
Overhead,Soap_dispenser,vgg,second_prediction,safety_pin,17
Overhead,Soap_dispenser,incep,third_prediction,hair_slide,2
Overhead,Soap_dispenser,NAS,third_prediction,table_lamp,4
Overhead,Soap_dispenser,vgg,third_prediction,screw,4
Overhead,Sunglasses,incep,first_prediction,ladle,9
Overhead,Sunglasses,NAS,first_prediction,yawl,49
Overhead,Sunglasses,vgg,first_prediction,walking_stick,48
Overhead,Sunglasses,incep,second_prediction,strainer,6
Overhead,Sunglasses,NAS,second_prediction,schooner,5
Overhead,Sunglasses,vgg,second_prediction,mantis,3
Overhead,Sunglasses,incep,third_prediction,nail,3
Overhead,Sunglasses,NAS,third_prediction,bow,4
Overhead,Sunglasses,vgg,third_prediction,harvestman,3
Overhead,Umbrella,incep,first_prediction,umbrella,100
Overhead,Umbrella,NAS,first_prediction,umbrella,83
Overhead,Umbrella,vgg,first_prediction,umbrella,99
Overhead,Umbrella,incep,second_prediction,mountain_tent,0
Overhead,Umbrella,NAS,second_prediction,kimono,0
Overhead,Umbrella,vgg,second_prediction,mortarboard,0
Overhead,Umbrella,incep,third_prediction,doormat,0
Overhead,Umbrella,NAS,third_prediction,tripod,0
Overhead,Umbrella,vgg,third_prediction,wall_clock,0
Overhead,Wine_bottle,incep,first_prediction,bottlecap,14
Overhead,Wine_bottle,NAS,first_prediction,puck,66
Overhead,Wine_bottle,vgg,first_prediction,screw,47
Overhead,Wine_bottle,incep,second_prediction,switch,6
Overhead,Wine_bottle,NAS,second_prediction,thimble,10
Overhead,Wine_bottle,vgg,second_prediction,ballpoint,4
Overhead,Wine_bottle,incep,third_prediction,plunger,4
Overhead,Wine_bottle,NAS,third_prediction,washbasin,4
Overhead,Wine_bottle,vgg,third_prediction,puck,2
Rotated_from_side,Coffee_mug,incep,first_prediction,coffee_mug,85
Rotated_from_side,Coffee_mug,NAS,first_prediction,coffee_mug,83
Rotated_from_side,Coffee_mug,vgg,first_prediction,coffee_mug,66
Rotated_from_side,Coffee_mug,incep,second_prediction,cup,12
Rotated_from_side,Coffee_mug,NAS,second_prediction,cup,2
Rotated_from_side,Coffee_mug,vgg,second_prediction,cup,22
Rotated_from_side,Coffee_mug,incep,third_prediction,pitcher,1
Rotated_from_side,Coffee_mug,NAS,third_prediction,espresso,0
Rotated_from_side,Coffee_mug,vgg,third_prediction,espresso,1
Rotated_from_side,Hammer,incep,first_prediction,hammer,100
Rotated_from_side,Hammer,NAS,first_prediction,hammer,94
Rotated_from_side,Hammer,vgg,first_prediction,hammer,31
Rotated_from_side,Hammer,incep,second_prediction,hatchet,0
Rotated_from_side,Hammer,NAS,second_prediction,piggy_bank,0
Rotated_from_side,Hammer,vgg,second_prediction,hatchet,30
Rotated_from_side,Hammer,incep,third_prediction,nail,0
Rotated_from_side,Hammer,NAS,third_prediction,screwdriver,0
Rotated_from_side,Hammer,vgg,third_prediction,scabbard,21
Rotated_from_side,Notebook,incep,first_prediction,notebook,93
Rotated_from_side,Notebook,NAS,first_prediction,notebook,60
Rotated_from_side,Notebook,vgg,first_prediction,loudspeaker,7
Rotated_from_side,Notebook,incep,second_prediction,laptop,4
Rotated_from_side,Notebook,NAS,second_prediction,laptop,26
Rotated_from_side,Notebook,vgg,second_prediction,table_lamp,4
Rotated_from_side,Notebook,incep,third_prediction,mouse,0
Rotated_from_side,Notebook,NAS,third_prediction,desk,1
Rotated_from_side,Notebook,vgg,third_prediction,switch,4
Rotated_from_side,Pot,incep,first_prediction,coffee_mug,10
Rotated_from_side,Pot,NAS,first_prediction,caldron,41
Rotated_from_side,Pot,vgg,first_prediction,bucket,48
Rotated_from_side,Pot,incep,second_prediction,caldron,6
Rotated_from_side,Pot,NAS,second_prediction,Crock_Pot,11
Rotated_from_side,Pot,vgg,second_prediction,ashcan,8
Rotated_from_side,Pot,incep,third_prediction,Crock_Pot,5
Rotated_from_side,Pot,NAS,third_prediction,bucket,6
Rotated_from_side,Pot,vgg,third_prediction,soap_dispenser,6
Rotated_from_side,Soap_dispenser,incep,first_prediction,lotion,57
Rotated_from_side,Soap_dispenser,NAS,first_prediction,lotion,46
Rotated_from_side,Soap_dispenser,vgg,first_prediction,soap_dispenser,90
Rotated_from_side,Soap_dispenser,incep,second_prediction,soap_dispenser,39
Rotated_from_side,Soap_dispenser,NAS,second_prediction,soap_dispenser,34
Rotated_from_side,Soap_dispenser,vgg,second_prediction,syringe,3
Rotated_from_side,Soap_dispenser,incep,third_prediction,hair_spray,1
Rotated_from_side,Soap_dispenser,NAS,third_prediction,sunscreen,1
Rotated_from_side,Soap_dispenser,vgg,third_prediction,lotion,2
Rotated_from_side,Sunglasses,incep,first_prediction,sunglasses,55
Rotated_from_side,Sunglasses,NAS,first_prediction,sunglasses,83
Rotated_from_side,Sunglasses,vgg,first_prediction,nail,79
Rotated_from_side,Sunglasses,incep,second_prediction,sunglass,21
Rotated_from_side,Sunglasses,NAS,second_prediction,sunglass,10
Rotated_from_side,Sunglasses,vgg,second_prediction,screw,13
Rotated_from_side,Sunglasses,incep,third_prediction,pick,14
Rotated_from_side,Sunglasses,NAS,third_prediction,lens_cap,1
Rotated_from_side,Sunglasses,vgg,third_prediction,switch,1
Rotated_from_side,Umbrella,incep,first_prediction,umbrella,100
Rotated_from_side,Umbrella,NAS,first_prediction,umbrella,89
Rotated_from_side,Umbrella,vgg,first_prediction,carton,37
Rotated_from_side,Umbrella,incep,second_prediction,mountain_tent,0
Rotated_from_side,Umbrella,NAS,second_prediction,kimono,0
Rotated_from_side,Umbrella,vgg,second_prediction,umbrella,9
Rotated_from_side,Umbrella,incep,third_prediction,doormat,0
Rotated_from_side,Umbrella,NAS,third_prediction,tripod,0
Rotated_from_side,Umbrella,vgg,third_prediction,printer,7
Rotated_from_side,Wine_bottle,incep,first_prediction,wine_bottle,58
Rotated_from_side,Wine_bottle,NAS,first_prediction,wine_bottle,72
Rotated_from_side,Wine_bottle,vgg,first_prediction,beer_bottle,52
Rotated_from_side,Wine_bottle,incep,second_prediction,beer_bottle,11
Rotated_from_side,Wine_bottle,NAS,second_prediction,beer_bottle,10
Rotated_from_side,Wine_bottle,vgg,second_prediction,wine_bottle,42
Rotated_from_side,Wine_bottle,incep,third_prediction,red_wine,4
Rotated_from_side,Wine_bottle,NAS,third_prediction,red_wine,7
Rotated_from_side,Wine_bottle,vgg,third_prediction,red_wine,3
Rotated_upside_down,Coffee_mug,incep,first_prediction,coffee_mug,80
Rotated_upside_down,Coffee_mug,NAS,first_prediction,coffee_mug,84
Rotated_upside_down,Coffee_mug,vgg,first_prediction,coffee_mug,66
Rotated_upside_down,Coffee_mug,incep,second_prediction,cup,9
Rotated_upside_down,Coffee_mug,NAS,second_prediction,cup,2
Rotated_upside_down,Coffee_mug,vgg,second_prediction,cup,32
Rotated_upside_down,Coffee_mug,incep,third_prediction,pitcher,0
Rotated_upside_down,Coffee_mug,NAS,third_prediction,espresso,0
Rotated_upside_down,Coffee_mug,vgg,third_prediction,teapot,0
Rotated_upside_down,Hammer,incep,first_prediction,hammer,100
Rotated_upside_down,Hammer,NAS,first_prediction,hammer,96
Rotated_upside_down,Hammer,vgg,first_prediction,hammer,80
Rotated_upside_down,Hammer,incep,second_prediction,hatchet,0
Rotated_upside_down,Hammer,NAS,second_prediction,piggy_bank,0
Rotated_upside_down,Hammer,vgg,second_prediction,hatchet,5
Rotated_upside_down,Hammer,incep,third_prediction,can_opener,0
Rotated_upside_down,Hammer,NAS,third_prediction,screwdriver,0
Rotated_upside_down,Hammer,vgg,third_prediction,scabbard,3
Rotated_upside_down,Notebook,incep,first_prediction,notebook,33
Rotated_upside_down,Notebook,NAS,first_prediction,notebook,47
Rotated_upside_down,Notebook,vgg,first_prediction,notebook,40
Rotated_upside_down,Notebook,incep,second_prediction,laptop,6
Rotated_upside_down,Notebook,NAS,second_prediction,laptop,26
Rotated_upside_down,Notebook,vgg,second_prediction,laptop,19
Rotated_upside_down,Notebook,incep,third_prediction,computer_keyboard,5
Rotated_upside_down,Notebook,NAS,third_prediction,mouse,1
Rotated_upside_down,Notebook,vgg,third_prediction,loudspeaker,2
Rotated_upside_down,Pot,incep,first_prediction,pitcher,23
Rotated_upside_down,Pot,NAS,first_prediction,Crock_Pot,81
Rotated_upside_down,Pot,vgg,first_prediction,coffeepot,35
Rotated_upside_down,Pot,incep,second_prediction,water_jug,21
Rotated_upside_down,Pot,NAS,second_prediction,Dutch_oven,6
Rotated_upside_down,Pot,vgg,second_prediction,measuring_cup,9
Rotated_upside_down,Pot,incep,third_prediction,coffee_mug,13
Rotated_upside_down,Pot,NAS,third_prediction,coffeepot,2
Rotated_upside_down,Pot,vgg,third_prediction,espresso_maker,8
Rotated_upside_down,Soap_dispenser,incep,first_prediction,soap_dispenser,87
Rotated_upside_down,Soap_dispenser,NAS,first_prediction,soap_dispenser,53
Rotated_upside_down,Soap_dispenser,vgg,first_prediction,soap_dispenser,43
Rotated_upside_down,Soap_dispenser,incep,second_prediction,lotion,10
Rotated_upside_down,Soap_dispenser,NAS,second_prediction,water_bottle,27
Rotated_upside_down,Soap_dispenser,vgg,second_prediction,water_bottle,10
Rotated_upside_down,Soap_dispenser,incep,third_prediction,hair_spray,0
Rotated_upside_down,Soap_dispenser,NAS,third_prediction,lotion,7
Rotated_upside_down,Soap_dispenser,vgg,third_prediction,medicine_chest,3
Rotated_upside_down,Sunglasses,incep,first_prediction,pick,61
Rotated_upside_down,Sunglasses,NAS,first_prediction,sunglasses,33
Rotated_upside_down,Sunglasses,vgg,first_prediction,puck,96
Rotated_upside_down,Sunglasses,incep,second_prediction,sunglasses,15
Rotated_upside_down,Sunglasses,NAS,second_prediction,sunglass,31
Rotated_upside_down,Sunglasses,vgg,second_prediction,screw,1
Rotated_upside_down,Sunglasses,incep,third_prediction,sunglass,5
Rotated_upside_down,Sunglasses,NAS,third_prediction,pick,21
Rotated_upside_down,Sunglasses,vgg,third_prediction,pick,1
Rotated_upside_down,Umbrella,incep,first_prediction,umbrella,100
Rotated_upside_down,Umbrella,NAS,first_prediction,umbrella,89
Rotated_upside_down,Umbrella,vgg,first_prediction,umbrella,99
Rotated_upside_down,Umbrella,incep,second_prediction,mountain_tent,0
Rotated_upside_down,Umbrella,NAS,second_prediction,kimono,0
Rotated_upside_down,Umbrella,vgg,second_prediction,parachute,0
Rotated_upside_down,Umbrella,incep,third_prediction,miniskirt,0
Rotated_upside_down,Umbrella,NAS,third_prediction,parachute,0
Rotated_upside_down,Umbrella,vgg,third_prediction,lampshade,0
Rotated_upside_down,Wine_bottle,incep,first_prediction,beer_bottle,38
Rotated_upside_down,Wine_bottle,NAS,first_prediction,beer_bottle,76
Rotated_upside_down,Wine_bottle,vgg,first_prediction,wine_bottle,48
Rotated_upside_down,Wine_bottle,incep,second_prediction,wine_bottle,18
Rotated_upside_down,Wine_bottle,NAS,second_prediction,wine_bottle,15
Rotated_upside_down,Wine_bottle,vgg,second_prediction,beer_bottle,36
Rotated_upside_down,Wine_bottle,incep,third_prediction,red_wine,2
Rotated_upside_down,Wine_bottle,NAS,third_prediction,red_wine,1
Rotated_upside_down,Wine_bottle,vgg,third_prediction,red_wine,5
straight_45,Coffee_mug,incep,first_prediction,coffee_mug,77
straight_45,Coffee_mug,NAS,first_prediction,coffee_mug,77
straight_45,Coffee_mug,vgg,first_prediction,cup,50
straight_45,Coffee_mug,incep,second_prediction,cup,18
straight_45,Coffee_mug,NAS,second_prediction,cup,13
straight_45,Coffee_mug,vgg,second_prediction,coffee_mug,30
straight_45,Coffee_mug,incep,third_prediction,cofeepot,0
straight_45,Coffee_mug,NAS,third_prediction,coffeepot,0
straight_45,Coffee_mug,vgg,third_prediction,coffeepot,0
straight_45,Hammer,incep,first_prediction,hammer,99
straight_45,Hammer,NAS,first_prediction,hammer,92
straight_45,Hammer,vgg,first_prediction,hammer,88
straight_45,Hammer,incep,second_prediction,crutch,0
straight_45,Hammer,NAS,second_prediction,nail,2
straight_45,Hammer,vgg,second_prediction,shovel,1
straight_45,Hammer,incep,third_prediction,nail,0
straight_45,Hammer,NAS,third_prediction,piggy_bank,0
straight_45,Hammer,vgg,third_prediction,hatchet,1
straight_45,Notebook,incep,first_prediction,notebook,80
straight_45,Notebook,NAS,first_prediction,notebook,78
straight_45,Notebook,vgg,first_prediction,notebook,57
straight_45,Notebook,incep,second_prediction,computer_keyboard,2
straight_45,Notebook,NAS,second_prediction,laptop,8
straight_45,Notebook,vgg,second_prediction,laptop,38
straight_45,Notebook,incep,third_prediction,laptop,2
straight_45,Notebook,NAS,third_prediction,space_bar,2
straight_45,Notebook,vgg,third_prediction,space_bar,1
straight_45,Pot,incep,first_prediction,measuring_cup,39
straight_45,Pot,NAS,first_prediction,measuring_cup,92
straight_45,Pot,vgg,first_prediction,measuring_cup,44
straight_45,Pot,incep,second_prediction,strainer,19
straight_45,Pot,NAS,second_prediction,bucket,3
straight_45,Pot,vgg,second_prediction,bucket,37
straight_45,Pot,incep,third_prediction,caldron,7
straight_45,Pot,NAS,third_prediction,Dutch_oven,1
straight_45,Pot,vgg,third_prediction,strainer,10
straight_45,Soap_dispenser,incep,first_prediction,soap_dispenser,79
straight_45,Soap_dispenser,NAS,first_prediction,soap_dispenser,53
straight_45,Soap_dispenser,vgg,first_prediction,soap_dispenser,72
straight_45,Soap_dispenser,incep,second_prediction,lotion,20
straight_45,Soap_dispenser,NAS,second_prediction,lotion,27
straight_45,Soap_dispenser,vgg,second_prediction,water_bottle,15
straight_45,Soap_dispenser,incep,third_prediction,sunscreen,0
straight_45,Soap_dispenser,NAS,third_prediction,sunscreen,1
straight_45,Soap_dispenser,vgg,third_prediction,lotion,5
straight_45,Sunglasses,incep,first_prediction,ladle,7
straight_45,Sunglasses,NAS,first_prediction,strainer,45
straight_45,Sunglasses,vgg,first_prediction,puck,79
straight_45,Sunglasses,incep,second_prediction,wok,5
straight_45,Sunglasses,NAS,second_prediction,safety_pin,20
straight_45,Sunglasses,vgg,second_prediction,tick,6
straight_45,Sunglasses,incep,third_prediction,goblet,5
straight_45,Sunglasses,NAS,third_prediction,bucket,4
straight_45,Sunglasses,vgg,third_prediction,pick,4
straight_45,Umbrella,incep,first_prediction,umbrella,100
straight_45,Umbrella,NAS,first_prediction,umbrella,89
straight_45,Umbrella,vgg,first_prediction,umbrella,92
straight_45,Umbrella,incep,second_prediction,mountain_tent,0
straight_45,Umbrella,NAS,second_prediction,kimono,0
straight_45,Umbrella,vgg,second_prediction,barn,1
straight_45,Umbrella,incep,third_prediction,doormat,0
straight_45,Umbrella,NAS,third_prediction,mountain_tent,0
straight_45,Umbrella,vgg,third_prediction,quilt,1
straight_45,Wine_bottle,incep,first_prediction,beer_bottle,43
straight_45,Wine_bottle,NAS,first_prediction,wine_bottle,71
straight_45,Wine_bottle,vgg,first_prediction,beer_bottle,76
straight_45,Wine_bottle,incep,second_prediction,pop_bottle,3
straight_45,Wine_bottle,NAS,second_prediction,beer_bottle,12
straight_45,Wine_bottle,vgg,second_prediction,wine_bottle,14
straight_45,Wine_bottle,incep,third_prediction,wine_bottle,3
straight_45,Wine_bottle,NAS,third_prediction,red_wine,2
straight_45,Wine_bottle,vgg,third_prediction,pop_bottle,6
upside_down,Coffee_mug,incep,first_prediction,coffee_mug,90
upside_down,Coffee_mug,NAS,first_prediction,coffee_mug,84
upside_down,Coffee_mug,vgg,first_prediction,coffee_mug,84
upside_down,Coffee_mug,incep,second_prediction,cup,2
upside_down,Coffee_mug,NAS,second_prediction,cup,3
upside_down,Coffee_mug,vgg,second_prediction,cup,14
upside_down,Coffee_mug,incep,third_prediction,pitcher,1
upside_down,Coffee_mug,NAS,third_prediction,espresso,0
upside_down,Coffee_mug,vgg,third_prediction,thimble,1
upside_down,Hammer,incep,first_prediction,hammer,78
upside_down,Hammer,NAS,first_prediction,hammer,95
upside_down,Hammer,vgg,first_prediction,vacuum,24
upside_down,Hammer,incep,second_prediction,vacuum,24
upside_down,Hammer,NAS,second_prediction,hatchet,0
upside_down,Hammer,vgg,second_prediction,Indian_cobra,9
upside_down,Hammer,incep,third_prediction,quill,2
upside_down,Hammer,NAS,third_prediction,screwdriver,0
upside_down,Hammer,vgg,third_prediction,torch,7
upside_down,Notebook,incep,first_prediction,pedestal,12
upside_down,Notebook,NAS,first_prediction,laptop,70
upside_down,Notebook,vgg,first_prediction,washbasin,26
upside_down,Notebook,incep,second_prediction,chest,6
upside_down,Notebook,NAS,second_prediction,notebook,11
upside_down,Notebook,vgg,second_prediction,pedestal,9
upside_down,Notebook,incep,third_prediction,wallet,5
upside_down,Notebook,NAS,third_prediction,loudspeaker,2
upside_down,Notebook,vgg,third_prediction,ashcan,4
upside_down,Pot,incep,first_prediction,cup,27
upside_down,Pot,NAS,first_prediction,Crock_Pot,92
upside_down,Pot,vgg,first_prediction,coffeepot,8
upside_down,Pot,incep,second_prediction,coffee_mug,13
upside_down,Pot,NAS,second_prediction,ashcan,1
upside_down,Pot,vgg,second_prediction,ashcan,6
upside_down,Pot,incep,third_prediction,cofeepot,5
upside_down,Pot,NAS,third_prediction,bucket,1
upside_down,Pot,vgg,third_prediction,go-kart,6
upside_down,Soap_dispenser,incep,first_prediction,soap_dispenser,48
upside_down,Soap_dispenser,NAS,first_prediction,soap_dispenser,91
upside_down,Soap_dispenser,vgg,first_prediction,parking_meter,71
upside_down,Soap_dispenser,incep,second_prediction,parking_meter,30
upside_down,Soap_dispenser,NAS,second_prediction,goblet,2
upside_down,Soap_dispenser,vgg,second_prediction,goblet,5
upside_down,Soap_dispenser,incep,third_prediction,sunscreen,8
upside_down,Soap_dispenser,NAS,third_prediction,lotion,1
upside_down,Soap_dispenser,vgg,third_prediction,soap_dispenser,4
upside_down,Sunglasses,incep,first_prediction,puck,51
upside_down,Sunglasses,NAS,first_prediction,sunglasses,34
upside_down,Sunglasses,vgg,first_prediction,puck,43
upside_down,Sunglasses,incep,second_prediction,screw,8
upside_down,Sunglasses,NAS,second_prediction,screw,27
upside_down,Sunglasses,vgg,second_prediction,screw,22
upside_down,Sunglasses,incep,third_prediction,American_coot,4
upside_down,Sunglasses,NAS,third_prediction,sunglass,21
upside_down,Sunglasses,vgg,third_prediction,nail,21
upside_down,Umbrella,incep,first_prediction,umbrella,96
upside_down,Umbrella,NAS,first_prediction,umbrella,99
upside_down,Umbrella,vgg,first_prediction,wreck,45
upside_down,Umbrella,incep,second_prediction,wok,1
upside_down,Umbrella,NAS,second_prediction,speedboat,0
upside_down,Umbrella,vgg,second_prediction,pirate,13
upside_down,Umbrella,incep,third_prediction,barrow,1
upside_down,Umbrella,NAS,third_prediction,washbsin,0
upside_down,Umbrella,vgg,third_prediction,aircraft_carrier,10
upside_down,Wine_bottle,incep,first_prediction,beer_bottle,16
upside_down,Wine_bottle,NAS,first_prediction,beer_bottle,51
upside_down,Wine_bottle,vgg,first_prediction,beer_bottle,47
upside_down,Wine_bottle,incep,second_prediction,pop_bottle,6
upside_down,Wine_bottle,NAS,second_prediction,wine_bottle,39
upside_down,Wine_bottle,vgg,second_prediction,beer_glass,34
upside_down,Wine_bottle,incep,third_prediction,beer_glass,5
upside_down,Wine_bottle,NAS,third_prediction,pop_bottle,3
upside_down,Wine_bottle,vgg,third_prediction,wine_bottle,6
